Model,Accuracy,Precision,Recall,F1 Score
Decision Tree,0.7270788912579957,0.48743718592964824,0.5187165775401069,0.5025906735751295
Random Forest,0.7860696517412935,0.6377358490566037,0.45187165775401067,0.5289514866979657
Gradient Boosting,0.7960199004975125,0.6548042704626335,0.4919786096256685,0.5618320610687023
