Model,Accuracy,Precision,Recall,F1 Score
Logistic Regression,0.7860696517412935,0.622895622895623,0.4946524064171123,0.5514157973174367
Support Vector Machine,0.7945984363894811,0.6653696498054474,0.4572192513368984,0.5419968304278923
Neural Network,0.7761194029850746,0.5954692556634305,0.4919786096256685,0.5387994143484627
