Model,Accuracy,Precision,Recall,F1 Score
Decision Tree,0.7292110874200426,0.4911392405063291,0.5187165775401069,0.5045513654096228
Random Forest,0.7867803837953091,0.6321428571428571,0.4732620320855615,0.5412844036697249
Gradient Boosting,0.7931769722814499,0.6426116838487973,0.5,0.562406015037594
