Model,Accuracy,Precision,Recall,F1 Score
Decision Tree,0.738450604122246,0.5078125,0.5213903743315508,0.5145118733509234
Random Forest,0.7803837953091685,0.6132404181184669,0.47058823529411764,0.5325264750378215
Gradient Boosting,0.7931769722814499,0.6426116838487973,0.5,0.562406015037594
